Type,Requirement
PE,"The system must provide a fast and efficient parsing process, under 2 seconds."
PE,CV parsing speed must be optimized to under 2 seconds.
PE,System should respond in less than 1 second.
PE,System performance can vary under load.
PE,Performance is not critical for this system.
PE,System should respond in less than 1 second.
PE,System performance can vary under load.
PE,Performance is not critical for this system.
PE,System should process 1000 transactions per second.
PE,The application must load the dashboard in under 2 seconds.
PE,The response time for any API call should not exceed 500 milliseconds.
PE,"The system must support 10,000 concurrent users without degradation."
PE,Reports should be generated within 3 seconds after user request.
PE,System performance must remain stable under heavy traffic conditions.
PE,Database queries should execute in less than 200ms.
PE,The server must maintain uptime of 99.9% with minimal latency.
PE,Performance is not a primary concern for this application.
PE,System may take up to 30 seconds to complete background tasks.
PE,Response time under load may exceed 10 seconds.
PE,Batch processing may take several minutes to complete.
PE,System is expected to run on a single-user mode with minimal performance requirements.
PE,Delays in data retrieval are acceptable for this prototype version.
PE,System should respond in less than 1 second.
PE,System performance can vary under load.
PE,Performance is not critical for this system.
PE,System should process 1000 transactions per second.
PE,The application must load the dashboard in under 2 seconds.
PE,The response time for any API call should not exceed 500 milliseconds.
PE,"The system must support 10,000 concurrent users without degradation."
PE,Reports should be generated within 3 seconds after user request.
PE,System performance must remain stable under heavy traffic conditions.
PE,Database queries should execute in less than 200ms.
PE,The server must maintain uptime of 99.9% with minimal latency.
PE,Performance is not a primary concern for this application.
PE,System may take up to 30 seconds to complete background tasks.
PE,Response time under load may exceed 10 seconds.
PE,Batch processing may take several minutes to complete.
PE,System is expected to run on a single-user mode with minimal performance requirements.
PE,Delays in data retrieval are acceptable for this prototype version.
PE,The system must be highly responsive and efficient.
PE,Application speed is a top priority.
PE,System should perform operations instantly.
PE,Users should experience no lag while using the system.
PE,Performance must be optimized for quick user interaction.
PE,System should respond in less than 1 second.
PE,System performance can vary under load.
PE,Performance is not critical for this system.
PE,System should process 1000 transactions per second.
PE,The application must load the dashboard in under 2 seconds.
PE,The response time for any API call should not exceed 500 milliseconds.
PE,"The system must support 10,000 concurrent users without degradation."
PE,Reports should be generated within 3 seconds after user request.
PE,System performance must remain stable under heavy traffic conditions.
PE,Database queries should execute in less than 200ms.
PE,The server must maintain uptime of 99.9% with minimal latency.
PE,Performance is not a primary concern for this application.
PE,System may take up to 30 seconds to complete background tasks.
PE,Response time under load may exceed 10 seconds.
PE,Batch processing may take several minutes to complete.
PE,System is expected to run on a single-user mode with minimal performance requirements.
PE,Delays in data retrieval are acceptable for this prototype version.
PE,The system must be highly responsive and efficient.
PE,Application speed is a top priority.
PE,System should perform operations instantly.
PE,Users should experience no lag while using the system.
PE,Performance must be optimized for quick user interaction.
PE,System performance may vary depending on network speed.
PE,Response time might fluctuate during peak hours.
PE,Performance depends on the size of the data being processed.
PE,Application speed may differ across hardware configurations.
PE,System performance can vary under heavy load.
PE,The system might slow down when multiple background jobs are running.
PE,Performance may depend on available system resources.
PE,Response times may differ based on concurrent user activity.
PE,System speed may vary when accessing remote servers.
PE,Performance is not critical for this system.
PE,The system can take up to 30 seconds to complete operations.
PE,Delays in processing are acceptable for background tasks.
PE,Response time under load may exceed 10 seconds.
PE,Batch jobs may take several minutes to complete.
PE,"System performance may degrade during high traffic, which is acceptable."
PE,Fast response time is not a key requirement.
PE,System may take noticeable time to start up.
PE,Performance tuning will be addressed in future releases.
PE,The system can generate reports within 50 seconds.
PE,Minor delays are acceptable for non-critical processes.
PE,The prototype version may have reduced performance.
PE,The system must respond in less than 1 second for all user actions.
PE,API calls should return results within 500 milliseconds.
PE,Dashboard should load in under 2 seconds even under peak load.
PE,Database queries must execute within 100ms.
PE,"System should handle at least 10,000 concurrent requests per minute."
PE,The parsing module should process a CV in less than 2 seconds.
PE,The application should have minimal latency under heavy usage.
PE,Users must experience instant feedback when performing actions.
PE,The system shall process 1000 transactions per second.
PE,Performance optimization is critical to meet user expectations.
PE,System must remain responsive during high network traffic.
PE,Processing time for any operation must not exceed 1 second.
PE,Application must run smoothly even with large datasets.
PE,The server should maintain a latency below 100 ms.
PE,The API should scale efficiently without performance degradation.
PE,Real-time analytics must be delivered within 2 seconds.
PE,Performance should not degrade as concurrent users increase.
PE,Application startup time should be less than 3 seconds.
PE,System must provide a consistent response time of under 2 seconds.
PE,The user interface must react instantly to user input.
PE,System performance may depend on data size and hardware resources.
PE,Response time may vary depending on concurrent users.
PE,Performance can fluctuate based on network conditions.
PE,The application may slow down during peak hours.
PE,Processing time may increase with complex data.
PE,System performance might change with heavy background tasks.
PE,Performance depends on system configuration and environment.
PE,The system may temporarily degrade under high load.
PE,Response time varies depending on server workload.
PE,Processing speed may differ across user devices.
PE,The system might slow down when multiple background jobs are running.
PE,System throughput may decrease when handling large files.
PE,Performance may vary depending on database size.
PE,Application speed depends on available memory and CPU.
PE,Response time might fluctuate when using external APIs.
PE,System latency may vary based on connection quality.
PE,Performance depends on concurrent read/write operations.
PE,The system may show slower response during maintenance.
PE,Performance might be reduced on mobile devices.
PE,Throughput may change depending on server load.
PE,Performance is not a primary concern for this prototype.
PE,Delays in response are acceptable for background processes.
PE,Batch processing may take several minutes to complete.
PE,System may take up to 30 seconds to start.
PE,Response time exceeding 10 seconds is acceptable for this phase.
PE,The application can tolerate delays during data import.
PE,Speed optimization is not required for the current version.
PE,Minor lag is acceptable during peak usage.
PE,The system may take noticeable time to complete operations.
PE,Performance tuning will be addressed in future updates.
PE,Prototype version may have reduced speed and responsiveness.
PE,System may take several seconds to load reports.
PE,Long response times are acceptable for non-critical modules.
PE,Application speed is not a key requirement.
PE,Data refresh delays are tolerable for testing environment.
PE,Performance degradation is acceptable under heavy computation.
PE,System may perform slower under heavy data processing.
PE,Execution delays are permissible for scheduled jobs.
PE,Background jobs can run for several minutes without issue.
PE,User interaction speed is not critical for internal tools.
SE,System must use strong encryption and authentication.
SE,"The system shall display a warning to the user after 30 minutes of inactivity, but no automatic logout or session termination is enforced."
SE,"The system shall require users to create passwords with at least 8 characters, including uppercase, lowercase, and numeric digits. Passwords must be stored using basic hashing, but no multi-factor authentication is required."
SE,Basic password protection is sufficient.
SE,System must use strong encryption and authentication.
SE,Basic password protection is sufficient.
SE,System must use strong encryption and authentication.
SE,Basic password protection is sufficient.
SE,All user data must be encrypted in transit and at rest.
SE,The system must implement multi-factor authentication for all users.
SE,Sensitive information must be protected using strong encryption standards.
SE,Access to the system should be role-based and audited regularly.
SE,The application must comply with GDPR and ISO 27001 standards.
SE,Only authorized personnel can access confidential data.
SE,System must detect and prevent unauthorized access attempts.
SE,Passwords must be stored using strong hashing algorithms like bcrypt.
SE,The system should include intrusion detection and prevention mechanisms.
SE,Security patches must be applied immediately after release.
SE,All API endpoints must use HTTPS and JWT-based authentication.
SE,The system must support automatic logout after inactivity.
SE,Regular penetration testing must be performed.
SE,The application must implement end-to-end encryption for user communication.
SE,Security level may vary depending on user role.
SE,The system uses HTTPS but not all data is encrypted at rest.
SE,Authentication is required for critical features only.
SE,Security updates are applied periodically.
SE,Data encryption is optional based on user preferences.
SE,Some components rely on third-party security mechanisms.
SE,Access control policies depend on deployment configuration.
SE,The system enforces strong passwords but lacks two-factor authentication.
SE,Audit logs are maintained for admin users only.
SE,Security is ensured for production environments but limited in testing.
SE,Network security depends on external firewall configuration.
SE,Encryption is used for selected data fields only.
SE,The system does not require user authentication.
SE,Data encryption is not mandatory.
SE,Security is not a critical concern for this prototype.
SE,Users can access the system without login.
SE,The system does not implement access control.
SE,No encryption is applied to stored data.
SE,Public access is allowed to all system information.
SE,Security patches can be applied manually when needed.
SE,Authentication and authorization are not enforced.
SE,System logs are not protected or audited.
SE,Communication between services is not secured.
SE,The system relies on users to manage their own security settings.
SE,Security validation is optional during deployment.
SE,System must automatically lock accounts after multiple failed login attempts.
SE,Sensitive user data such as passwords and tokens must never be logged.
SE,All database connections must use secure SSL/TLS encryption.
SE,The system must sanitize all user inputs to prevent SQL injection.
SE,Security configuration must be reviewed and approved before deployment.
SE,Access logs must be encrypted and retained for 90 days.
SE,Session management must prevent reuse of expired tokens.
SE,Cross-site scripting and CSRF attacks must be prevented using appropriate headers.
SE,System should block IPs after suspicious activity is detected.
SE,Application must validate SSL certificates of external services.
SE,The platform must include continuous monitoring for security breaches.
SE,"All credentials must be stored securely using environment variables, not hardcoded."
SE,The system must enforce password complexity requirements.
SE,All API keys must be rotated periodically for enhanced security.
SE,Administrators must receive alerts when unauthorized access attempts occur.
SE,Security incidents must be logged and reported automatically.
SE,Users must reauthenticate before performing critical actions.
SE,The application must not expose stack traces or sensitive errors to end-users.
SE,Data backup files must be encrypted before storage.
SE,Access to encryption keys must be restricted to authorized administrators only.
SE,Two-factor authentication is required for admin accounts but optional for users.
SE,System may log non-sensitive user actions without encryption.
SE,Security audit frequency depends on customer contract level.
SE,The system may allow weaker encryption for backward compatibility.
SE,"Some modules use secure authentication, while legacy ones do not."
SE,Security controls differ between cloud and on-premise deployments.
SE,Encryption is enabled only for paid plans.
SE,Security configuration may vary by tenant in multi-tenant systems.
SE,Only critical APIs require token-based authentication.
SE,System allows temporary password sharing for support purposes.
SE,Security scans are performed quarterly instead of monthly.
SE,External dependencies may not always follow latest security practices.
SE,Firewall rules are applied inconsistently across regions.
SE,Encryption keys are shared between development and staging environments.
SE,System does not include any authentication mechanism.
SE,User passwords can be stored in plain text.
SE,The prototype has no active security checks.
SE,Users are allowed to use weak passwords such as '1234'.
SE,The system allows access over HTTP instead of HTTPS.
SE,No restrictions are placed on failed login attempts.
SE,Sensitive API keys are visible in the frontend code.
SE,There are no monitoring or alerting mechanisms for security incidents.
SE,Encryption is completely disabled for development builds.
SE,Access control policies are not implemented.
SE,Security updates are applied manually and infrequently.
SE,No input validation is performed on form data.
SE,Cross-site scripting protection is not enabled.
SE,User sessions never expire automatically.
SE,No data masking is used for sensitive fields like credit cards.
SE,System does not verify identity for password reset requests.
SE,Security awareness training is not conducted for staff.
SE,The application accepts self-signed certificates without validation.
SE,Log files may contain sensitive information without protection.
MN,System architecture should be modular to simplify updates.
MN,Code should be well-documented and follow standard naming conventions.
MN,The system must allow easy modification of existing features.
MN,Developers should be able to add new modules with minimal code changes.
MN,Application should support plug-and-play components for future extensions.
MN,All modules must be independent and loosely coupled.
MN,The system should allow configuration changes without code modification.
MN,Maintenance tasks should require minimal downtime.
MN,The system must support automated testing and deployment.
MN,All code changes should be traceable through version control.
MN,Documentation and design diagrams must be regularly updated.
MN,System must enable quick bug fixes with minimal impact on other components.
MN,The architecture should allow future technology upgrades easily.
MN,Maintenance effort may vary depending on system complexity.
MN,The ease of maintenance depends on the developer's experience.
MN,Code maintainability may differ across modules.
MN,Some components are easier to update than others.
MN,System maintainability can vary based on documentation quality.
MN,Maintenance time may depend on the size of the data being processed.
MN,Maintainability might be affected by third-party dependencies.
MN,System maintainability may differ between releases.
MN,Maintenance effort can fluctuate with changes in system load.
MN,System modifications require significant developer effort.
MN,The codebase is complex and hard to understand.
MN,Making changes in one module often breaks other components.
MN,The system lacks sufficient documentation for maintenance.
MN,Adding new features requires rewriting large parts of the code.
MN,The application structure is tightly coupled and not modular.
MN,Maintenance tasks often cause long downtime periods.
MN,Bug fixing requires deep knowledge of the entire system.
MN,Updating system configurations requires manual code edits.
MN,Refactoring the system is difficult due to poor design.
MN,The system is not easily adaptable to new requirements.
MN,System should provide a modular microservices architecture to simplify maintenance.
MN,Each service should have a clear API boundary for independent updates.
MN,System should use dependency injection to improve maintainability.
MN,Automated CI/CD pipelines must ensure consistent build and release processes.
MN,The application should support configuration through environment variables.
MN,Code reviews are mandatory for every change to maintain quality.
MN,The codebase should follow clean architecture principles for easier maintenance.
MN,System logs and metrics should assist in identifying maintenance issues quickly.
MN,Every module should include unit and integration tests for safe refactoring.
MN,System should allow rolling updates with zero downtime.
MN,Maintenance scripts must be automated and version-controlled.
MN,Architecture must separate business logic from presentation for flexibility.
MN,The system must provide developer-friendly error reporting.
MN,Documentation should be automatically generated from the source code.
MN,System configuration must be externalized to avoid code changes during updates.
MN,The system should support modular versioning for independent updates.
MN,The platform must use containerization for maintainable deployments.
MN,"System should use design patterns that encourage maintainable code (e.g., MVC, Repository)."
MN,The source control must track all code changes with commit history.
MN,Error logs should include sufficient context for debugging issues efficiently.
MN,Maintainability depends on the frequency of updates and release cycles.
MN,Some legacy modules require more effort to maintain than modern ones.
MN,Refactoring cost may differ depending on the module complexity.
MN,"Ease of maintenance varies between environments (test, staging, production)."
MN,System updates might occasionally require downtime during peak hours.
MN,Maintenance depends on the level of technical debt accumulated over time.
MN,Documentation quality varies across teams and modules.
MN,The maintainability score may change after system expansion.
MN,Code complexity increases slightly with new feature additions.
MN,Ease of bug fixing depends on how well the logging is implemented.
MN,Automated tests cover most but not all of the codebase.
MN,Maintainability is moderate due to partial modularity.
MN,The system is partially refactorable but lacks a clear layer separation.
MN,Some configuration files still require manual editing during maintenance.
MN,The maintainability depends on the responsiveness of the support team.
MN,The ease of making changes varies depending on the deployment environment.
MN,"The system lacks any form of automated testing, making changes risky."
MN,"Codebase uses hard-coded values, reducing maintainability."
MN,There is no modular separation; everything is in a single code file.
MN,Developers find it difficult to locate specific functionality in the code.
MN,No version control system is used to track changes.
MN,The system requires full redeployment for minor updates.
MN,"Documentation is missing or outdated, making maintenance difficult."
MN,Error handling is inconsistent across modules.
MN,There is heavy code duplication throughout the project.
MN,Refactoring the system introduces frequent regressions.
MN,"No clear architecture is followed, leading to maintenance chaos."
MN,All configuration is embedded directly into source code.
MN,"The code lacks comments, making it hard for new developers to contribute."
MN,System maintenance requires full system restart each time.
MN,Third-party libraries are outdated and hard to upgrade.
MN,There is no separation between logic and presentation layers.
MN,Developers must manually test the system after every update.
MN,Maintenance depends entirely on one developer's knowledge.
MN,The architecture is too rigid to allow any structural changes.
MN,Legacy code prevents easy adaptation to new frameworks.
SC,The system must support an increasing number of users without performance degradation.
SC,The architecture should allow horizontal scaling across multiple servers.
SC,"Application should handle growth from 1,000 to 100,000 users seamlessly."
SC,System must be designed to handle large volumes of data efficiently.
SC,The infrastructure should support cloud-based auto-scaling.
SC,The system must scale dynamically with workload changes.
SC,Adding new servers should not require system downtime.
SC,Database architecture must support partitioning and replication for scalability.
SC,The system should maintain stable performance as the number of users doubles.
SC,The design should support future expansion of services and features.
SC,Application components should be stateless to support scaling.
SC,System must handle increased data processing with minimal latency.
SC,The platform must efficiently scale to accommodate spikes in traffic.
SC,System scalability may depend on the hardware configuration.
SC,Performance might vary as the number of users increases.
SC,Scalability may be limited by third-party service constraints.
SC,System can scale up to a certain number of concurrent users.
SC,Application scalability depends on available network bandwidth.
SC,The system scales efficiently under moderate but not heavy load.
SC,Database scalability depends on query optimization.
SC,System performance may fluctuate during peak usage.
SC,The platform supports scaling but may require manual configuration.
SC,System scalability may depend on the hardware configuration.
SC,Performance might vary as the number of users increases.
SC,Scalability may be limited by third-party service constraints.
SC,System can scale up to a certain number of concurrent users.
SC,Application scalability depends on available network bandwidth.
SC,The system scales efficiently under moderate but not heavy load.
SC,Database scalability depends on query optimization.
SC,System performance may fluctuate during peak usage.
SC,The platform supports scaling but may require manual configuration.
SC,The system cannot handle a significant increase in users.
SC,Scaling the system requires major code changes.
SC,The system performance drops significantly as data size grows.
SC,Application does not support adding servers dynamically.
SC,System is designed for a fixed number of users only.
SC,Scalability is not a priority for this release.
SC,The database cannot handle large-scale data expansion.
SC,The system is not optimized for distributed environments.
SC,Increasing load causes long response times and system failures.
SC,Adding new components requires system downtime.
SC,The application struggles to handle concurrent requests.
SC,System must support both vertical and horizontal scaling strategies.
SC,Architecture should allow deployment on distributed clusters.
SC,The platform must utilize load balancers to distribute traffic evenly.
SC,Application must automatically scale out when CPU utilization exceeds 80%.
SC,System must support multi-region deployment for global scalability.
SC,The infrastructure should enable container-based scaling using Kubernetes or Docker Swarm.
SC,Scalability testing must confirm the system can support a tenfold user increase.
SC,Caching layers must be implemented to enhance scalability under load.
SC,System should scale compute and storage independently.
SC,The architecture should be service-oriented to enable scaling of individual components.
SC,Cloud infrastructure must allow on-demand provisioning of new instances.
SC,System should utilize asynchronous processing for scalable background jobs.
SC,Application must maintain consistent response time under scaling conditions.
SC,System must maintain high throughput even as concurrent sessions increase.
SC,Each service should be deployable independently to improve scalability.
SC,System must support event-driven scaling using message queues.
SC,Infrastructure must monitor and adjust resources automatically based on usage trends.
SC,System must handle burst traffic during peak hours without performance loss.
SC,Architecture should allow modular scaling of storage and compute resources.
SC,System should support sharding to distribute large datasets efficiently.
SC,The system can scale efficiently under predictable workloads but struggles with sudden spikes.
SC,Some modules scale better than others due to design differences.
SC,System scalability depends on available server resources.
SC,Application scales up effectively but not down automatically.
SC,"The database supports horizontal scaling, but the API layer does not."
SC,System can handle scaling but requires manual load balancing.
SC,Scalability performance varies with the type of workload processed.
SC,The architecture partially supports scaling but has bottlenecks in I/O operations.
SC,System can scale effectively during business hours but not overnight jobs.
SC,Some components require redeployment to achieve scaling.
SC,Scalability depends on network latency between distributed nodes.
SC,The system supports scaling under moderate traffic only.
SC,Scalability performance changes based on caching strategy.
SC,Auto-scaling is available but with delayed response time.
SC,The system can handle limited concurrent connections efficiently.
SC,Scalability behavior depends on the cloud provider’s configuration.
SC,System scaling might affect database replication delays.
SC,The scalability level differs between backend and frontend systems.
SC,Application shows good scalability under read-heavy but not write-heavy workloads.
SC,Scalability results vary based on memory optimization efficiency.
SC,System is monolithic and cannot be scaled horizontally.
SC,Adding new nodes requires manual reconfiguration of the system.
SC,Application crashes when user count exceeds design limits.
SC,Database architecture does not support sharding or replication.
SC,System scaling requires full redeployment and downtime.
SC,There is no load balancing strategy in place.
SC,System performance deteriorates rapidly with data growth.
SC,No support for distributed or clustered environments.
SC,Auto-scaling is disabled and must be handled manually.
SC,System cannot scale storage independently from compute.
SC,Infrastructure lacks monitoring tools for scalability management.
SC,Application relies on hard-coded limits for user sessions.
SC,The system has no mechanism for scaling background jobs.
SC,Application servers fail under moderate concurrency.
SC,Scaling the system requires rewriting the entire codebase.
SC,"System lacks caching, causing scalability issues under load."
SC,Database becomes a bottleneck as the number of users increases.
SC,The platform cannot support distributed transaction processing.
SC,Scaling the system introduces inconsistent data states.
SC,System design prevents cloud-native scalability features from working properly.
A,The system must be available 99.99% of the time.
A,The system does not need to be available 24/7 and can tolerate planned outages for maintenance.
A,System should ensure continuous operation with minimal downtime.
A,The application must remain operational 24/7.
A,High availability architecture must be implemented to avoid single points of failure.
A,System components should support automatic failover.
A,Downtime for maintenance should not exceed 5 minutes per month.
A,The system should recover automatically from hardware or network failures.
A,The platform must guarantee uninterrupted service during peak hours.
A,A backup server must be ready to take over immediately in case of failure.
A,Critical services should be replicated across multiple data centers.
A,Scheduled maintenance should not affect system availability.
A,The system should provide real-time monitoring and automatic recovery.
A,The infrastructure must support 24x7 uptime for global users.
A,System availability may depend on server load.
A,Availability can vary during maintenance windows.
A,The system may experience short downtimes during updates.
A,Availability depends on internet connectivity.
A,System uptime may fluctuate under heavy usage.
A,The platform provides high availability under normal conditions.
A,Some services may be temporarily unavailable during upgrades.
A,Availability may differ between primary and secondary regions.
A,The system may have reduced uptime during scheduled deployments.
A,Availability depends on external service reliability.
A,System is not required to be available 24/7.
A,The application can have downtime of several hours per week.
A,Temporary unavailability is acceptable during maintenance.
A,The system may be offline during non-business hours.
A,No redundancy or failover mechanisms are required.
A,Availability is not critical for internal tools.
A,System recovery after crash may take several hours.
A,Downtime during updates is acceptable.
A,Service interruptions are tolerable for non-critical operations.
A,System uptime of 90% is sufficient.
A,The prototype version may be offline intermittently.
A,Manual restart is required after a system failure.
A,The system must achieve an uptime of 99.999% annually.
A,Automatic health checks should detect and restart failed services instantly.
A,Redundant network connections must be implemented to ensure constant availability.
A,The application should handle node failures without user impact.
A,Failover mechanisms must switch traffic within 30 seconds of a failure.
A,A distributed architecture should be used to guarantee fault tolerance.
A,Service-level agreements must guarantee near-zero downtime.
A,The infrastructure must automatically balance loads between servers for high availability.
A,Critical APIs must be hosted in multiple availability zones.
A,System must auto-recover from software crashes or unexpected shutdowns.
A,System monitoring should alert administrators of potential downtime immediately.
A,Application state should be preserved during failover to secondary systems.
A,Scheduled system updates must occur without service interruption.
A,Database replication must ensure zero data loss in case of node failure.
A,System recovery time objective (RTO) must not exceed 1 minute.
A,System must maintain high availability even during regional outages.
A,Application should employ clustering for redundancy and load balancing.
A,High-availability setup must be verified through continuous testing.
A,Backup instances should automatically synchronize with the active system.
A,Availability monitoring dashboards must update every 30 seconds.
A,System may experience degraded performance during backup operations.
A,Availability can depend on database synchronization speed.
A,Some modules may be temporarily unavailable during scaling operations.
A,Availability depends on third-party API uptime.
A,The system might require brief restarts after configuration changes.
A,Some non-critical features may be disabled during maintenance.
A,System uptime fluctuates based on cloud provider maintenance schedules.
A,Availability depends on network latency between data centers.
A,Partial outages may occur during system updates.
A,Failover speed may vary depending on system load.
A,Certain services might experience reduced uptime compared to core modules.
A,Availability monitoring tools might not cover all services equally.
A,Redundant servers may not always be synchronized in real time.
A,The system may take longer to recover under high load.
A,Automatic recovery may not be enabled for all environments.
A,System updates might cause intermittent service disruptions.
A,Availability varies with the hosting provider’s reliability.
A,"Maintenance schedules differ between regions, affecting uptime slightly."
A,Service degradation is acceptable under heavy data processing loads.
A,System restarts may be required to restore full availability after patches.
A,System does not have redundancy or backup servers.
A,Availability is not guaranteed during weekends or holidays.
A,System recovery can take up to several days after failure.
A,Manual intervention is needed after every system crash.
A,The platform can be taken offline for maintenance without notice.
A,There are no mechanisms for automatic failover.
A,The system can remain unavailable for hours after an update.
A,No backup or disaster recovery plan is implemented.
A,Uptime of 80% is considered acceptable for this system.
A,The system lacks monitoring for detecting downtime.
A,Failures require complete system restarts to recover.
A,The infrastructure does not support load balancing.
A,Single points of failure exist in the current system design.
A,The system may be unavailable during data migrations.
A,No SLA is defined for system uptime.
A,System availability is not monitored or reported.
A,There are no backup servers to handle downtime.
A,The application relies on manual recovery after hardware failure.
A,System does not support hot-swappable components.
A,Downtime during version upgrades is not minimized or controlled.
US,The system interface must be intuitive and easy to navigate.
US,Users should be able to complete key tasks with minimal training.
US,The application must provide clear feedback after every user action.
US,All UI elements should be consistent and accessible.
US,The system must support accessibility standards (WCAG 2.1).
US,Help and documentation should be available for all major functions.
US,The system must allow users to undo actions easily.
US,"Interfaces should have clear labels, icons, and tooltips."
US,Error messages must be descriptive and guide the user to a solution.
US,The system should support keyboard shortcuts for frequent operations.
US,User onboarding should be smooth with guided tutorials.
US,The interface must be responsive and mobile-friendly.
US,The layout must maintain clarity and simplicity across all screens.
US,User actions should require minimal clicks to achieve goals.
US,Some features require moderate user training.
US,The interface is user-friendly but lacks advanced accessibility features.
US,Certain functions may be difficult for first-time users.
US,Usability may vary depending on screen size or resolution.
US,Help documentation is available but not detailed.
US,Some feedback messages may be unclear.
US,Navigation structure is mostly intuitive but could be improved.
US,System provides partial support for keyboard accessibility.
US,Some screens are easy to use while others require technical knowledge.
US,UI consistency is maintained in most but not all sections.
US,System usability depends on user experience level.
US,Certain workflows take multiple steps to complete.
US,User assistance features are available but limited.
US,The system interface is difficult to understand for new users.
US,Users require extensive training to use the system effectively.
US,Error messages are vague and unhelpful.
US,The application lacks proper navigation menus.
US,There is no online help or user documentation.
US,Interface layout is inconsistent and confusing.
US,User feedback is not displayed after actions.
US,The system does not follow standard UI conventions.
US,Users must perform many steps for simple tasks.
US,The design is not responsive or mobile-friendly.
US,Accessibility for disabled users is not considered.
US,The interface contains too much clutter and unclear icons.
US,No undo or redo functionality is provided.
US,Users report frustration and confusion during normal operations.
US,The system interface must be intuitive and easy to navigate.
US,Users should be able to complete key tasks with minimal training.
US,The application must provide clear feedback after every user action.
US,All UI elements should be consistent and accessible.
US,The system must support accessibility standards (WCAG 2.1).
US,Help and documentation should be available for all major functions.
US,The system must allow users to undo actions easily.
US,"Interfaces should have clear labels, icons, and tooltips."
US,Error messages must be descriptive and guide the user to a solution.
US,The system should support keyboard shortcuts for frequent operations.
US,User onboarding should be smooth with guided tutorials.
US,The interface must be responsive and mobile-friendly.
US,The layout must maintain clarity and simplicity across all screens.
US,User actions should require minimal clicks to achieve goals.
US,Interface animations should be smooth without lag.
US,System should provide tooltips and contextual help on demand.
US,Feedback should be immediate for all interactive elements.
US,All forms must have inline validation to prevent errors.
US,Some features require moderate user training.
US,The interface is user-friendly but lacks advanced accessibility features.
US,Certain functions may be difficult for first-time users.
US,Usability may vary depending on screen size or resolution.
US,Help documentation is available but not detailed.
US,Some feedback messages may be unclear.
US,Navigation structure is mostly intuitive but could be improved.
US,System provides partial support for keyboard accessibility.
US,Some screens are easy to use while others require technical knowledge.
US,UI consistency is maintained in most but not all sections.
US,System usability depends on user experience level.
US,Certain workflows take multiple steps to complete.
US,User assistance features are available but limited.
US,The system interface is difficult to understand for new users.
US,Users require extensive training to use the system effectively.
US,Error messages are vague and unhelpful.
US,The application lacks proper navigation menus.
US,There is no online help or user documentation.
US,Interface layout is inconsistent and confusing.
US,User feedback is not displayed after actions.
US,The system does not follow standard UI conventions.
US,Users must perform many steps for simple tasks.
US,The design is not responsive or mobile-friendly.
US,Accessibility for disabled users is not considered.
US,The interface contains too much clutter and unclear icons.
US,No undo or redo functionality is provided.
US,Users report frustration and confusion during normal operations.
US,Interface lacks support for multiple languages.
US,Important user notifications are not visible.
PO,"The system must run seamlessly on Windows, macOS, and Linux."
PO,The application should support both web and mobile platforms.
PO,The software must be easily deployable across multiple cloud providers.
PO,All modules should be platform-independent.
PO,The system must use cross-platform frameworks such as Java or .NET Core.
PO,The software must support containerized deployment using Docker.
PO,The system should operate efficiently across different hardware configurations.
PO,The application must run smoothly on all major browsers.
PO,No OS-specific dependencies should exist.
PO,The codebase should follow standards to enable cross-platform builds.
PO,System configuration files must be independent of platform-specific paths.
PO,The application must support cloud and on-premise environments equally.
PO,The system should use platform-agnostic APIs.
PO,The system can be adapted to other platforms with minor changes.
PO,Some modules are portable while others are OS-dependent.
PO,The software supports Windows and Linux but not macOS.
PO,Mobile compatibility is limited to Android devices.
PO,The system can be deployed on cloud environments with some configuration effort.
PO,The application runs best on one operating system but can work on others with performance issues.
PO,Database layer is portable but UI components depend on platform libraries.
PO,Most scripts are portable except installation scripts.
PO,The system supports limited cross-browser functionality.
PO,The application can be compiled for multiple platforms with manual setup.
PO,Deployment process may vary across environments.
PO,Some dependencies restrict full portability.
PO,The system supports virtualization but not containerization.
PO,The system is designed to run only on Windows.
PO,The application relies on platform-specific APIs.
PO,No consideration was given for cross-platform deployment.
PO,The software cannot be easily moved to another operating system.
PO,System configuration is hardcoded for a single environment.
PO,The application depends on Windows Registry for configuration.
PO,No cloud support is planned for the current version.
PO,The software requires proprietary hardware to operate.
PO,Source code includes OS-specific paths and commands.
PO,The system cannot run on mobile or web platforms.
PO,Dependencies are not available outside the target platform.
PO,The system must be recompiled entirely for another OS.
PO,Migration to another environment would require a full redesign.
PO,"The system must run seamlessly on Windows, macOS, and Linux."
PO,The application should support both web and mobile platforms.
PO,The software must be easily deployable across multiple cloud providers.
PO,All modules should be platform-independent.
PO,The system must use cross-platform frameworks such as Java or .NET Core.
PO,The software must support containerized deployment using Docker.
PO,The system should operate efficiently across different hardware configurations.
PO,The application must run smoothly on all major browsers.
PO,No OS-specific dependencies should exist.
PO,The codebase should follow standards to enable cross-platform builds.
PO,System configuration files must be independent of platform-specific paths.
PO,The application must support cloud and on-premise environments equally.
PO,The system should use platform-agnostic APIs.
PO,System components should not rely on specific hardware features.
PO,Deployment scripts should work on multiple OS without changes.
PO,The system must allow portable updates without affecting existing environments.
PO,System logs and configuration files should be easily transferable.
PO,The system can be adapted to other platforms with minor changes.
PO,Some modules are portable while others are OS-dependent.
PO,The software supports Windows and Linux but not macOS.
PO,Mobile compatibility is limited to Android devices.
PO,The system can be deployed on cloud environments with some configuration effort.
PO,The application runs best on one operating system but can work on others with performance issues.
PO,Database layer is portable but UI components depend on platform libraries.
PO,Most scripts are portable except installation scripts.
PO,The system supports limited cross-browser functionality.
PO,The application can be compiled for multiple platforms with manual setup.
PO,Deployment process may vary across environments.
PO,Some dependencies restrict full portability.
PO,The system supports virtualization but not containerization.
PO,System configuration is hardcoded for a single environment.
PO,The system is designed to run only on Windows.
PO,The application relies on platform-specific APIs.
PO,No consideration was given for cross-platform deployment.
PO,The software cannot be easily moved to another operating system.
PO,Application fails on unsupported platforms.
PO,Deployment requires manual changes for each OS.
PO,System cannot run in containerized environments.
PO,Migration to another environment would require a full redesign.
PO,Source code includes OS-specific paths and commands.
PO,Dependencies are not available outside the target platform.
PO,The system cannot run on mobile or web platforms.
,The system must provide real-time monitoring and alerting features.
,"Administrators should be able to start, stop, and restart services easily."
,System logs must be automatically collected and analyzed.
,The application must include a dashboard for operational metrics.
,Automatic recovery should occur after system failure.
,The system must notify operators immediately of any service outage.
,All operational processes should be automated using scripts or tools.
,The application must support remote monitoring and control.
,Operators should be able to easily perform configuration changes without downtime.
,The system must support detailed health checks and uptime reporting.
,The application must include diagnostic tools for troubleshooting.
,System components should restart automatically after unexpected termination.
,The platform should integrate with centralized logging and alert systems.
,Maintenance operations should require minimal manual intervention.
,Some system operations require manual monitoring.
,Basic alerting is available but not automated.
,The system can recover from minor failures with limited automation.
,"Operators can manage the system, but advanced tools are limited."
,Monitoring is available for critical components only.
,Manual intervention is required for certain configuration updates.
,The system provides limited logs for troubleshooting.
,Health checks are implemented but not comprehensive.
,"Some maintenance tasks can be automated, others are manual."
,Operational performance depends on operator expertise.
,Alerts are sent by email but not integrated into a monitoring tool.
,Restarting the system requires manual steps.
,The application partially supports remote management.
,The system requires manual restart after every failure.
,No monitoring tools are available for system performance.
,System health must be checked manually by administrators.
,No logging or alerting mechanisms are implemented.
,Operators need to perform complex steps for simple maintenance tasks.
,The system cannot recover automatically after a crash.
,No remote access is available for operators.
,Maintenance requires system downtime.
,System status cannot be viewed in real-time.
,No diagnostic tools are provided for debugging issues.
,Error logs must be manually retrieved from the server.
,The system does not notify operators of failures.
,Configuration changes require redeployment.
,System operations depend heavily on manual scripts.
,The system must provide real-time monitoring and alerting features.
,"Administrators should be able to start, stop, and restart services easily."
,System logs must be automatically collected and analyzed.
,The application must include a dashboard for operational metrics.
,Automatic recovery should occur after system failure.
,The system must notify operators immediately of any service outage.
,All operational processes should be automated using scripts or tools.
,The application must support remote monitoring and control.
,Operators should be able to easily perform configuration changes without downtime.
,The system must support detailed health checks and uptime reporting.
,The application must include diagnostic tools for troubleshooting.
,System components should restart automatically after unexpected termination.
,The platform should integrate with centralized logging and alert systems.
,Maintenance operations should require minimal manual intervention.
,System operations should remain stable under high load.
,Operational metrics should be accessible via APIs.
,The system should self-diagnose potential issues proactively.
,Some system operations require manual monitoring.
,Basic alerting is available but not automated.
,The system can recover from minor failures with limited automation.
,"Operators can manage the system, but advanced tools are limited."
,Monitoring is available for critical components only.
,Manual intervention is required for certain configuration updates.
,The system provides limited logs for troubleshooting.
,Health checks are implemented but not comprehensive.
,"Some maintenance tasks can be automated, others are manual."
,Operational performance depends on operator expertise.
,Alerts are sent by email but not integrated into a monitoring tool.
,Restarting the system requires manual steps.
,The application partially supports remote management.
,The system requires manual restart after every failure.
,No monitoring tools are available for system performance.
,System health must be checked manually by administrators.
,No logging or alerting mechanisms are implemented.
,Operators need to perform complex steps for simple maintenance tasks.
,The system cannot recover automatically after a crash.
,No remote access is available for operators.
,Maintenance requires system downtime.
,System status cannot be viewed in real-time.
,No diagnostic tools are provided for debugging issues.
,Error logs must be manually retrieved from the server.
,The system does not notify operators of failures.
,Configuration changes require redeployment.
,System operations depend heavily on manual scripts.
,The system cannot operate during network outages.
,Operators cannot perform remote updates or fixes.
,Critical failures require full system reboot manually.
,No automated recovery or backup procedures are available.
